-- phpMyAdmin SQL Dump
-- version 5.2.1
-- https://www.phpmyadmin.net/
--
-- Host: 127.0.0.1
-- Generation Time: Feb 16, 2024 at 10:48 AM
-- Server version: 10.4.28-MariaDB
-- PHP Version: 8.2.4

SET SQL_MODE = "NO_AUTO_VALUE_ON_ZERO";
START TRANSACTION;
SET time_zone = "+00:00";


/*!40101 SET @OLD_CHARACTER_SET_CLIENT=@@CHARACTER_SET_CLIENT */;
/*!40101 SET @OLD_CHARACTER_SET_RESULTS=@@CHARACTER_SET_RESULTS */;
/*!40101 SET @OLD_COLLATION_CONNECTION=@@COLLATION_CONNECTION */;
/*!40101 SET NAMES utf8mb4 */;

--
-- Database: `dbhub`
--

-- --------------------------------------------------------

--
-- Table structure for table `auth_activation_attempts`
--

CREATE TABLE `auth_activation_attempts` (
  `id` int(11) UNSIGNED NOT NULL,
  `ip_address` varchar(255) NOT NULL,
  `user_agent` varchar(255) NOT NULL,
  `token` varchar(255) DEFAULT NULL,
  `created_at` datetime NOT NULL
) ENGINE=InnoDB DEFAULT CHARSET=utf8 COLLATE=utf8_general_ci;

-- --------------------------------------------------------

--
-- Table structure for table `auth_groups`
--

CREATE TABLE `auth_groups` (
  `id` int(11) UNSIGNED NOT NULL,
  `name` varchar(255) NOT NULL,
  `description` varchar(255) NOT NULL
) ENGINE=InnoDB DEFAULT CHARSET=utf8 COLLATE=utf8_general_ci;

--
-- Dumping data for table `auth_groups`
--

INSERT INTO `auth_groups` (`id`, `name`, `description`) VALUES
(1, 'admin', 'administrator'),
(2, 'user', 'koordinator'),
(3, 'user_thl', 'Penyapu Jalan'),
(4, 'guest', 'Tamu');

-- --------------------------------------------------------

--
-- Table structure for table `auth_groups_permissions`
--

CREATE TABLE `auth_groups_permissions` (
  `group_id` int(11) UNSIGNED NOT NULL DEFAULT 0,
  `permission_id` int(11) UNSIGNED NOT NULL DEFAULT 0
) ENGINE=InnoDB DEFAULT CHARSET=utf8 COLLATE=utf8_general_ci;

--
-- Dumping data for table `auth_groups_permissions`
--

INSERT INTO `auth_groups_permissions` (`group_id`, `permission_id`) VALUES
(1, 1),
(1, 2),
(1, 3),
(1, 4),
(2, 2),
(2, 4),
(3, 3),
(3, 4);

-- --------------------------------------------------------

--
-- Table structure for table `auth_groups_users`
--

CREATE TABLE `auth_groups_users` (
  `group_id` int(11) UNSIGNED NOT NULL DEFAULT 0,
  `user_id` int(11) UNSIGNED NOT NULL DEFAULT 0
) ENGINE=InnoDB DEFAULT CHARSET=utf8 COLLATE=utf8_general_ci;

--
-- Dumping data for table `auth_groups_users`
--

INSERT INTO `auth_groups_users` (`group_id`, `user_id`) VALUES
(1, 37),
(2, 30),
(2, 34),
(3, 31),
(3, 31),
(3, 59),
(3, 61),
(4, 30),
(4, 31),
(4, 34),
(4, 37),
(4, 59),
(4, 61);

-- --------------------------------------------------------

--
-- Table structure for table `auth_logins`
--

CREATE TABLE `auth_logins` (
  `id` int(11) UNSIGNED NOT NULL,
  `ip_address` varchar(255) DEFAULT NULL,
  `email` varchar(255) DEFAULT NULL,
  `user_id` int(11) UNSIGNED DEFAULT NULL,
  `date` datetime NOT NULL,
  `success` tinyint(1) NOT NULL
) ENGINE=InnoDB DEFAULT CHARSET=utf8 COLLATE=utf8_general_ci;

--
-- Dumping data for table `auth_logins`
--

INSERT INTO `auth_logins` (`id`, `ip_address`, `email`, `user_id`, `date`, `success`) VALUES
(1, '::1', 'efraim.diamanis16thn@gmail.com', 2, '2023-05-02 13:21:00', 1),
(2, '::1', 'efraim.diamanis16thn@gmail.com', 3, '2023-05-02 13:29:41', 1),
(3, '::1', 'efraim.diamanis16thn@gmail.com', 3, '2023-05-02 13:33:49', 1),
(4, '::1', 'efraim.diamanis16thn@gmail.com', 3, '2023-05-02 13:35:48', 1),
(5, '::1', 'efraim.diamanis16thn@gmail.com', 3, '2023-05-02 13:35:58', 1),
(6, '::1', 'efraim.diamanis16thn@gmail.com', 3, '2023-05-02 13:37:05', 1),
(7, '::1', 'efraim.diamanis16thn@gmail.com', 3, '2023-05-02 13:39:24', 1),
(8, '::1', 'efraim.diamanis16thn@gmail.com', 3, '2023-05-02 13:39:38', 1),
(9, '::1', 'efraim.diamanis16thn@gmail.com', 3, '2023-05-02 13:40:09', 1),
(10, '::1', 'efraim.diamanis16thn@gmail.com', 3, '2023-05-02 13:47:02', 1),
(11, '::1', 'efraim.diamanis16thn@gmail.com', 3, '2023-05-02 13:48:36', 1),
(12, '::1', 'efraim.diamanis16thn@gmail.com', 3, '2023-05-02 13:48:55', 1),
(13, '::1', 'efraim.diamanis16thn@gmail.com', 3, '2023-05-02 13:52:20', 1),
(14, '::1', 'efraim.diamanis16thn@gmail.com', 3, '2023-05-02 13:55:22', 1),
(15, '::1', 'efraim.diamanis16thn@gmail.com', 3, '2023-05-02 13:55:31', 1),
(16, '::1', 'efraim.diamanis16thn@gmail.com', 3, '2023-05-02 13:56:28', 1),
(17, '::1', 'efraim.diamanis16thn@gmail.com', 3, '2023-05-02 13:58:45', 1),
(18, '::1', 'efraim.diamanis16thn@gmail.com', 3, '2023-05-02 13:59:21', 1),
(19, '::1', 'efraim.diamanis16thn@gmail.com', 3, '2023-05-02 13:59:31', 1),
(20, '::1', 'efraim.diamanis@gmail.com', 4, '2023-05-02 14:10:46', 1),
(21, '::1', 'efraim.diamanis@gmail.com', 4, '2023-05-02 14:11:03', 1),
(22, '::1', 'efraim.diamanis@gmail.com', 4, '2023-05-02 14:11:22', 1),
(23, '::1', 'efraim.diamanis16thn@gmail.com', 3, '2023-05-02 14:11:37', 1),
(24, '::1', 'efraim.diamanis@gmail.com', 4, '2023-05-02 14:28:10', 1),
(25, '::1', 'efraim.diamanis16thn@gmail.com', 3, '2023-05-02 14:28:24', 1),
(26, '::1', 'efraim.diamanis16thn@gmail.com', 3, '2023-05-02 14:39:51', 1),
(27, '::1', 'efraim.diamanis16thn@gmail.com', 3, '2023-05-02 14:44:54', 1),
(28, '::1', 'efraim.diamanis@gmail.com', 4, '2023-05-02 14:45:55', 1),
(29, '::1', 'efraim.diamanis16thn@gmail.com', 3, '2023-05-02 14:50:51', 1),
(30, '::1', 'efraim.diamanis@gmail.com', 4, '2023-05-02 14:51:22', 1),
(31, '::1', 'efraim.diamanis16thn@gmail.com', 3, '2023-05-02 15:05:28', 1),
(32, '::1', 'efraim.diamanis@gmail.com', 4, '2023-05-02 15:11:01', 1),
(33, '::1', 'efraim.diamanis16thn@gmail.com', 3, '2023-05-02 15:12:41', 1),
(34, '::1', 'efraim.diamanis@gmail.com', 4, '2023-05-02 15:16:01', 1),
(35, '::1', 'efraim.diamanis16thn@gmail.com', 3, '2023-05-02 15:16:13', 1),
(36, '::1', 'efraim.diamanis@gmail.com', 4, '2023-05-02 15:32:23', 1),
(37, '::1', 'efraim.diamanis16thn@gmail.com', 3, '2023-05-02 15:36:32', 1),
(38, '::1', 'efraim.diamanis@gmail.com', 4, '2023-05-02 15:36:49', 1),
(39, '::1', 'efraim.diamanis16thn@gmail.com', 3, '2023-05-02 15:50:36', 1),
(40, '::1', 'efraim.diamanis@gmail.com', 4, '2023-05-02 16:07:28', 1),
(41, '::1', 'efraim.diamanis16thn@gmail.com', 3, '2023-05-03 06:52:21', 1),
(42, '::1', 'efraim.diamanis16thn@gmail.com', 3, '2023-05-03 10:47:47', 1),
(43, '::1', 'efraim.diamanis16thn@gmail.com', 3, '2023-05-03 13:46:53', 1),
(44, '::1', 'efraim.diamanis@gmail.com', 6, '2023-05-03 14:11:22', 1),
(45, '::1', 'efraim.diamanis16thn@gmail.com', 3, '2023-05-03 14:11:35', 1),
(46, '::1', 'efraim.diamanis@gmail.com', NULL, '2023-05-03 14:11:48', 0),
(47, '::1', 'efraim.diamanis@gmail.com', 6, '2023-05-03 14:11:54', 1),
(48, '::1', 'efraim.diamanis16thn@gmail.com', 3, '2023-05-03 14:12:23', 1),
(49, '::1', '19210163@unima.ac.id', 7, '2023-05-03 14:13:50', 1),
(50, '::1', 'efraim.diamanis16thn@gmail.com', NULL, '2023-05-03 14:14:21', 0),
(51, '::1', 'efraim.diamanis16thn@gmail.com', 3, '2023-05-03 14:14:27', 1),
(52, '::1', 'bagus', NULL, '2023-05-03 14:52:10', 0),
(53, '::1', '19210163@unima.ac.id', 10, '2023-05-03 14:52:17', 1),
(54, '::1', '19210163@unima.ac.id', 11, '2023-05-03 15:09:10', 1),
(55, '::1', 'efraim.diamanis16thn@gmail.com', 3, '2023-05-03 15:09:37', 1),
(56, '::1', '19210163@unima.ac.id', 12, '2023-05-03 15:37:28', 1),
(57, '::1', 'efraim.diamanis16thn@gmail.com', NULL, '2023-05-03 15:41:58', 0),
(58, '::1', 'efraim.diamanis16thn@gmail.com', 3, '2023-05-03 15:42:13', 1),
(59, '::1', '19210163@unima.ac.id', 12, '2023-05-03 15:48:35', 1),
(60, '::1', 'efraim.diamanis16thn@gmail.com', 3, '2023-05-03 15:48:52', 1),
(61, '::1', '19210163@unima.ac.id', 12, '2023-05-03 15:53:37', 1),
(62, '::1', '19210163@unima.ac.id', 12, '2023-05-03 16:02:01', 1),
(63, '::1', 'efraim.diamanis16thn@gmail.com', 3, '2023-05-03 16:02:27', 1),
(64, '::1', 'efraim.diamanis16thn@gmail.com', 3, '2023-05-03 16:15:12', 1),
(65, '::1', 'efraim.diamanis16thn@gmail.com', 3, '2023-05-03 16:15:34', 1),
(66, '::1', 'efraim.diamanis16thn@gmail.com', NULL, '2023-05-04 09:02:41', 0),
(67, '::1', 'efraim.diamanis16thn@gmail.com', 3, '2023-05-04 09:02:47', 1),
(68, '::1', 'efraim.diamanis16thn@gmail.com', 3, '2023-05-04 09:03:14', 1),
(69, '::1', '19210163@unima.ac.id', 13, '2023-05-04 10:34:20', 1),
(70, '::1', 'efraim.diamanis16thn@gmail.com', 3, '2023-05-04 10:38:07', 1),
(71, '::1', 'efraim.diamanis16thn@gmail.com', 3, '2023-05-05 08:05:44', 1),
(72, '::1', 'bagus', NULL, '2023-05-05 13:31:08', 0),
(73, '::1', 'efraim.diamanis16thn@gmail.com', 3, '2023-05-05 13:31:19', 1),
(74, '::1', '19210163@unima.ac.id', 14, '2023-05-05 13:48:51', 1),
(75, '::1', 'efraim.diamanis16thn@gmail.com', 3, '2023-05-05 13:50:27', 1),
(76, '::1', '19210163@unima.ac.id', 14, '2023-05-05 14:30:24', 1),
(77, '::1', 'efraim.diamanis@gmail.com', 9, '2023-05-05 14:52:00', 1),
(78, '::1', 'efraim.diamanis16thn@gmail.com', 3, '2023-05-05 14:52:20', 1),
(79, '::1', '19210163@unima.ac.id', 14, '2023-05-05 14:59:25', 1),
(80, '::1', 'efraim.diamanis16thn@gmail.com', 3, '2023-05-05 15:06:16', 1),
(81, '::1', 'efraim.diamanis16thn@gmail.com', 3, '2023-05-09 02:01:55', 1),
(82, '::1', '19210163@unima.ac.id', 28, '2023-05-09 07:59:08', 1),
(83, '::1', 'efraim.diamanis16thn@gmail.com', 3, '2023-05-09 08:01:23', 1),
(84, '::1', 'efraim.diamanis16thn@gmail.com', 3, '2023-05-18 13:59:08', 1),
(85, '::1', 'bagus@gmail.com', 29, '2023-05-18 14:01:01', 1),
(86, '::1', 'bagus@gmail.com', 29, '2023-05-18 14:05:22', 1),
(87, '::1', 'agus@gmail.com', 30, '2023-05-18 14:05:35', 1),
(88, '::1', 'wahyu@gmail.com', 31, '2023-05-18 14:06:55', 1),
(89, '::1', 'bagus@gmail.com', 29, '2023-05-19 02:37:37', 1),
(90, '::1', 'agus@gmail.com', 30, '2023-05-19 10:29:56', 1),
(91, '::1', 'bagus@gmail.com', 29, '2023-05-19 10:31:13', 1),
(92, '::1', 'bagus@gmail.com', 29, '2023-05-19 14:38:41', 1),
(93, '::1', 'bagus@gmail.com', 29, '2023-05-20 04:00:46', 1),
(94, '::1', 'bagus@gmail.com', 29, '2023-05-20 14:26:30', 1),
(95, '::1', 'bagus@gmail.com', 29, '2023-05-20 14:26:45', 1),
(96, '::1', 'agus@gmail.com', 30, '2023-05-20 14:26:59', 1),
(97, '::1', 'bagus@gmail.com', 29, '2023-05-20 15:22:51', 1),
(98, '::1', 'agus@gmail.com', 30, '2023-05-20 15:23:06', 1),
(99, '::1', 'bagus@gmail.com', 29, '2023-05-20 15:51:27', 1),
(100, '::1', 'joni@gmail.com', 34, '2023-05-20 15:54:00', 1),
(101, '::1', 'bagus@gmail.com', 29, '2023-05-20 15:54:34', 1),
(102, '::1', 'joni@gmail.com', 34, '2023-05-20 16:08:54', 1),
(103, '::1', 'bagus@gmail.com', 29, '2023-05-20 16:12:35', 1),
(104, '::1', 'hendra@gmail.com', 33, '2023-05-20 16:25:26', 1),
(105, '::1', 'bagus@gmail.com', 29, '2023-05-20 16:36:03', 1),
(106, '::1', 'agus@gmail.com', 30, '2023-05-20 16:38:31', 1),
(107, '::1', 'bagus', NULL, '2023-05-22 02:37:37', 0),
(108, '::1', 'bagus@gmail.com', 29, '2023-05-22 02:37:45', 1),
(109, '::1', 'bagus@gmail.com', 29, '2023-05-22 04:37:32', 1),
(110, '::1', 'agus@gmail.com', 30, '2023-05-22 04:40:28', 1),
(111, '::1', 'bagus@gmail.com', 29, '2023-05-22 04:40:58', 1),
(112, '::1', 'bagus@gmail.com', 29, '2023-05-22 04:41:25', 1),
(113, '::1', 'joni@gmail.com', 34, '2023-05-22 04:42:18', 1),
(114, '::1', 'bagus@gmail.com', 29, '2023-05-22 04:44:02', 1),
(115, '::1', 'clinton@gmail.com', 36, '2023-05-22 04:55:03', 1),
(116, '::1', 'bagus@gmail.com', 29, '2023-05-22 04:56:23', 1),
(117, '::1', 'clinton', NULL, '2023-05-22 04:57:43', 0),
(118, '::1', 'clinton@gmail.com', 36, '2023-05-22 04:57:52', 1),
(119, '::1', 'agus@gmail.com', 30, '2023-05-22 04:58:20', 1),
(120, '::1', 'joni', NULL, '2023-05-22 04:58:53', 0),
(121, '::1', 'joni@gmail.com', 34, '2023-05-22 04:59:01', 1),
(122, '::1', 'bagus@gmail.com', 29, '2023-05-22 05:04:50', 1),
(123, '::1', 'bagus@gmail.com', 29, '2023-05-23 02:23:52', 1),
(124, '::1', 'agus@gmail.com', 30, '2023-05-23 02:24:12', 1),
(125, '::1', 'bagus', NULL, '2023-05-23 03:19:46', 0),
(126, '::1', 'bagus@gmail.com', 29, '2023-05-23 03:19:56', 1),
(127, '::1', 'agus@gmail.com', 30, '2023-05-23 03:35:52', 1),
(128, '::1', 'bagus', NULL, '2023-05-23 03:36:37', 0),
(129, '::1', 'bagus@gmail.com', 29, '2023-05-23 03:36:46', 1),
(130, '::1', 'bagus@gmail.com', 29, '2023-05-23 03:44:33', 1),
(131, '::1', 'agus', NULL, '2023-05-23 03:55:18', 0),
(132, '::1', 'bagus@gmail.com', 29, '2023-05-23 03:55:39', 1),
(133, '::1', 'agus@gmail.com', 30, '2023-05-23 03:55:52', 1),
(134, '::1', 'bagus@gmail.com', 29, '2023-05-23 04:04:08', 1),
(135, '::1', 'efraim@gmail.com', 37, '2023-05-23 04:12:56', 1),
(136, '::1', 'joni@gmail.com', 34, '2023-05-23 04:27:11', 1),
(137, '::1', 'wahyu@gmail.com', 31, '2023-05-23 04:45:01', 1),
(138, '::1', 'wahyu@gmail.com', 31, '2023-05-23 09:17:03', 1),
(139, '::1', 'bagus', NULL, '2023-05-23 09:47:41', 0),
(140, '::1', 'efraim@gmail.com', 37, '2023-05-23 09:47:48', 1),
(141, '::1', 'agus@gmail.com', 30, '2023-05-23 09:48:07', 1),
(142, '::1', 'efraim', NULL, '2023-05-23 09:48:44', 0),
(143, '::1', 'efraim@gmail.com', 37, '2023-05-23 09:48:51', 1),
(144, '::1', 'joni@gmail.com', 34, '2023-05-23 09:49:13', 1),
(145, '::1', 'wahyu@gmail.com', 31, '2023-05-23 09:49:59', 1),
(146, '::1', 'agus@gmail.com', 30, '2023-05-23 09:52:33', 1),
(147, '::1', 'wahyu@gmail.com', 31, '2023-05-23 09:52:48', 1),
(148, '::1', 'wahyu@gmail.com', 31, '2023-05-24 15:47:49', 1),
(149, '::1', 'wahyu@gmail.com', 31, '2023-05-24 17:54:23', 1),
(150, '::1', 'wahyu@gmail.com', 31, '2023-05-24 17:54:37', 1),
(151, '::1', 'efraim@gmail.com', 37, '2023-05-24 18:03:23', 1),
(152, '::1', 'agus@gmail.com', 30, '2023-05-24 18:05:23', 1),
(153, '::1', 'wahyu', NULL, '2023-05-24 18:06:00', 0),
(154, '::1', 'wahyu@gmail.com', 31, '2023-05-24 18:06:06', 1),
(155, '::1', 'wahyu@gmail.com', 31, '2023-05-25 04:10:45', 1),
(156, '::1', 'wahyu@gmail.com', 31, '2023-05-25 09:31:11', 1),
(157, '::1', 'efraim', NULL, '2023-05-25 10:32:00', 0),
(158, '::1', 'efraim@gmail.com', 37, '2023-05-25 10:32:08', 1),
(159, '::1', 'wahyu@gmail.com', 31, '2023-05-25 11:27:06', 1),
(160, '::1', 'wahyu@gmail.com', 31, '2023-05-26 01:10:53', 1),
(161, '::1', 'wahyu@gmail.com', 31, '2023-05-26 10:04:39', 1),
(162, '::1', 'wahyu@gmail.com', 31, '2023-05-26 19:20:41', 1),
(163, '::1', 'wahyu@gmail.com', 31, '2023-05-28 17:45:30', 1),
(164, '::1', 'wahyu@gmail.com', 31, '2023-05-29 14:53:44', 1),
(165, '::1', 'hendra@gmail.com', 33, '2023-05-29 14:55:30', 1),
(166, '::1', 'wahyu', NULL, '2023-05-29 16:42:45', 0),
(167, '::1', 'wahyu@gmail.com', 31, '2023-05-29 16:42:52', 1),
(168, '::1', 'wahyu@gmail.com', 31, '2023-05-29 16:43:14', 1),
(169, '::1', 'hendra@gmail.com', 33, '2023-05-29 19:59:31', 1),
(170, '::1', 'wahyu@gmail.com', 31, '2023-05-29 20:03:08', 1),
(171, '::1', 'efraim@gmail.com', 37, '2023-05-29 20:54:53', 1),
(172, '::1', 'wahyu@gmail.com', 31, '2023-05-29 20:57:28', 1),
(173, '::1', 'wahyu@gmail.com', 31, '2023-05-30 17:11:11', 1),
(174, '::1', 'wahyu@gmail.com', 31, '2023-05-31 10:22:16', 1),
(175, '::1', 'wahyu@gmail.com', 31, '2023-05-31 12:23:06', 1),
(176, '::1', 'agus@gmail.com', 30, '2023-05-31 21:17:02', 1),
(177, '::1', 'joni@gmail.com', 34, '2023-05-31 21:24:31', 1),
(178, '::1', 'wahyu@gmail.com', 31, '2023-05-31 21:28:46', 1),
(179, '::1', 'joni@gmail.com', 34, '2023-05-31 21:29:01', 1),
(180, '::1', 'agus@gmail.com', 30, '2023-05-31 21:29:21', 1),
(181, '::1', 'wahyu@gmail.com', 31, '2023-05-31 21:36:08', 1),
(182, '::1', 'agus@gmail.com', 30, '2023-05-31 21:36:48', 1),
(183, '::1', 'wahyu@gmail.com', 31, '2023-05-31 21:48:54', 1),
(184, '::1', 'hendra@gmail.com', 33, '2023-05-31 21:51:18', 1),
(185, '::1', 'agus@gmail.com', 30, '2023-05-31 21:51:39', 1),
(186, '::1', 'wahyu@gmail.com', 31, '2023-06-03 20:44:30', 1),
(187, '::1', 'bagus', NULL, '2023-06-03 20:46:44', 0),
(188, '::1', 'agus', NULL, '2023-06-03 20:46:50', 0),
(189, '::1', 'agus@gmail.com', 30, '2023-06-03 20:46:55', 1),
(190, '::1', 'wahyu@gmail.com', 31, '2023-06-05 12:33:21', 1),
(191, '::1', 'agus@gmail.com', 30, '2023-06-05 12:34:28', 1),
(192, '::1', 'agus@gmail.com', 30, '2023-06-05 18:42:48', 1),
(193, '::1', 'agus@gmail.com', 30, '2023-06-06 11:21:12', 1),
(194, '::1', 'agus@gmail.com', 30, '2023-06-06 18:48:48', 1),
(195, '::1', 'wahyu@gmail.com', 31, '2023-06-06 21:07:50', 1),
(196, '::1', 'agus@gmail.com', 30, '2023-06-06 21:13:20', 1),
(197, '::1', 'wahyu@gmail.com', 31, '2023-06-06 21:17:50', 1),
(198, '::1', 'agus', NULL, '2023-06-06 21:19:23', 0),
(199, '::1', 'agus@gmail.com', 30, '2023-06-06 21:19:30', 1),
(200, '::1', 'jhon', NULL, '2023-06-06 21:22:01', 0),
(201, '::1', 'john@gmail.com', 41, '2023-06-06 21:22:15', 1),
(202, '::1', 'agus@gmail.com', 30, '2023-06-06 21:42:50', 1),
(203, '::1', 'joni@gmail.com', 34, '2023-06-06 21:44:50', 1),
(204, '::1', 'agus@gmail.com', 30, '2023-06-06 22:44:49', 1),
(205, '::1', 'agus@gmail.com', 30, '2023-06-07 11:36:51', 1),
(206, '::1', 'wahyu', NULL, '2023-06-07 11:38:22', 0),
(207, '::1', 'wahyu@gmail.com', 31, '2023-06-07 11:38:29', 1),
(208, '::1', 'john@gmail.com', 41, '2023-06-07 11:39:04', 1),
(209, '::1', 'wahyu', NULL, '2023-06-07 12:47:24', 0),
(210, '::1', 'wahyu@gmail.com', 31, '2023-06-07 12:47:35', 1),
(211, '::1', 'efraim@gmail.com', 37, '2023-06-07 12:50:57', 1),
(212, '::1', 'agus@gmail.com', 30, '2023-06-07 12:52:07', 1),
(213, '::1', 'wahyu@gmail.com', 31, '2023-06-07 12:54:29', 1),
(214, '::1', 'wahyu', NULL, '2023-06-07 13:20:21', 0),
(215, '::1', 'wahyu@gmail.com', 31, '2023-06-07 13:20:28', 1),
(216, '::1', 'wahyu@gmail.com', 31, '2023-06-07 14:04:20', 1),
(217, '::1', 'efraim@gmail.com', 37, '2023-06-07 14:25:51', 1),
(218, '::1', 'agus', NULL, '2023-06-07 14:26:21', 0),
(219, '::1', 'agus@gmail.com', 30, '2023-06-07 14:26:30', 1),
(220, '::1', 'wahyu', NULL, '2023-06-07 14:36:48', 0),
(221, '::1', 'wahyu@gmail.com', 31, '2023-06-07 14:37:02', 1),
(222, '::1', 'agus@gmail.com', 30, '2023-06-07 14:48:12', 1),
(223, '::1', 'agus@gmail.com', 30, '2023-06-07 19:00:43', 1),
(224, '::1', 'agus@gmail.com', 30, '2023-06-07 22:10:15', 1),
(225, '::1', 'efraim@gmail.com', 37, '2023-06-07 22:40:04', 1),
(226, '::1', 'agus@gmail.com', 30, '2023-06-07 22:40:46', 1),
(227, '::1', 'wahyu@gmail.com', 31, '2023-06-08 01:51:59', 1),
(228, '::1', 'agus@gmail.com', 30, '2023-06-08 01:53:12', 1),
(229, '::1', 'agus@gmail.com', 30, '2023-06-08 03:04:48', 1),
(230, '::1', 'wahyu@gmail.com', 31, '2023-06-08 10:40:27', 1),
(231, '::1', 'agus@gmail.com', 30, '2023-06-08 10:41:04', 1),
(232, '::1', 'agus', NULL, '2023-06-08 17:15:25', 0),
(233, '::1', 'agus@gmail.com', 30, '2023-06-08 17:15:30', 1),
(234, '::1', 'wahyu', NULL, '2023-06-08 20:11:38', 0),
(235, '::1', 'wahyu@gmail.com', 31, '2023-06-08 20:11:43', 1),
(236, '::1', 'wahyu@gmail.com', 31, '2023-06-08 20:52:07', 1),
(237, '::1', 'agus@gmail.com', 30, '2023-06-08 20:53:08', 1),
(238, '::1', 'agus', NULL, '2023-06-09 19:14:09', 0),
(239, '::1', 'agus', NULL, '2023-06-09 19:14:20', 0),
(240, '::1', 'agus@gmail.com', 30, '2023-06-09 19:14:26', 1),
(241, '::1', 'agus@gmail.com', 30, '2023-06-12 21:13:45', 1),
(242, '::1', 'wahyu@gmail.com', 31, '2023-06-12 23:23:00', 1),
(243, '::1', 'agus@gmail.com', 30, '2023-06-12 23:27:54', 1),
(244, '::1', 'agus@gmail.com', 30, '2023-06-13 05:42:12', 1),
(245, '::1', 'agus@gmail.com', 30, '2023-06-13 10:16:56', 1),
(246, '::1', 'wahyu', NULL, '2023-06-13 14:19:43', 0),
(247, '::1', 'wahyu@gmail.com', 31, '2023-06-13 14:19:47', 1),
(248, '::1', 'agus@gmail.com', 30, '2023-06-13 14:40:45', 1),
(249, '::1', 'wahyu@gmail.com', 31, '2023-06-13 14:56:41', 1),
(250, '::1', 'agus@gmail.com', 30, '2023-06-19 08:41:16', 1),
(251, '::1', 'wahyu@gmail.com', 31, '2023-06-19 08:41:35', 1),
(252, '::1', 'agus@gmail.com', 30, '2023-06-19 09:06:51', 1),
(253, '::1', 'wahyu@gmail.com', 31, '2023-06-19 09:22:12', 1),
(254, '::1', 'agus@gmail.com', 30, '2023-06-19 10:15:35', 1),
(255, '::1', 'wahyu@gmail.com', 31, '2023-06-19 10:36:01', 1),
(256, '::1', 'agus@gmail.com', 30, '2023-06-19 12:15:53', 1),
(257, '::1', 'wahyu@gmail.com', 31, '2023-06-19 12:31:09', 1),
(258, '::1', 'efraim.diamanis16thn@gmail.com', NULL, '2023-06-22 19:15:18', 0),
(259, '::1', 'efraim@gmail.com', 37, '2023-06-22 19:15:43', 1),
(260, '::1', 'agus@gmail.com', 30, '2023-06-22 19:35:26', 1),
(261, '::1', 'wahyu', NULL, '2023-06-22 19:36:53', 0),
(262, '::1', 'wahyu@gmail.com', 31, '2023-06-22 19:36:58', 1),
(263, '::1', 'efraim@gmail.com', 37, '2023-06-22 19:37:21', 1),
(264, '::1', 'efraim@gmail.com', 37, '2023-06-24 09:05:56', 1),
(265, '::1', 'agus@gmail.com', 30, '2023-06-24 11:33:21', 1),
(266, '::1', 'wahyu', NULL, '2023-06-24 14:17:32', 0),
(267, '::1', 'hendra@gmail.com', 33, '2023-06-24 14:17:40', 1),
(268, '::1', 'wahyu@gmail.com', 31, '2023-06-24 14:21:54', 1),
(269, '::1', 'agus@gmail.com', 30, '2023-06-24 17:24:04', 1),
(270, '::1', 'wahyu@gmail.com', 31, '2023-06-24 17:38:39', 1),
(271, '::1', 'wahyu', NULL, '2023-06-24 20:41:00', 0),
(272, '::1', 'wahyu@gmail.com', 31, '2023-06-24 20:41:08', 1),
(273, '::1', 'wahyu@gmail.com', 31, '2023-06-26 12:58:59', 1),
(274, '::1', 'efraim@gmail.com', 37, '2023-06-26 17:12:25', 1),
(275, '::1', 'agus@gmail.com', 30, '2023-06-26 20:29:39', 1),
(276, '::1', 'wahyu@gmail.com', 31, '2023-06-27 10:32:36', 1),
(277, '::1', 'wahyu@gmail.com', 31, '2023-06-27 15:46:00', 1),
(278, '::1', 'efraim@gmail.com', 37, '2023-06-27 16:26:11', 1),
(279, '::1', 'wahyu@gmail.com', 31, '2023-06-27 16:42:38', 1),
(280, '::1', 'efraim@gmail.com', 37, '2023-06-27 16:43:09', 1),
(281, '::1', 'joni@gmail.com', 34, '2023-06-27 16:44:10', 1),
(282, '::1', 'efraim', NULL, '2023-06-27 16:45:22', 0),
(283, '::1', 'wahyu@gmail.com', 31, '2023-06-27 16:45:29', 1),
(284, '::1', 'efraim@gmail.com', 37, '2023-06-27 16:45:37', 1),
(285, '::1', 'joni@gmail.com', 34, '2023-06-27 16:46:44', 1),
(286, '::1', 'efraim@gmail.com', 37, '2023-06-27 16:47:22', 1),
(287, '::1', 'wahyu@gmail.com', 31, '2023-06-27 16:49:00', 1),
(288, '::1', 'joni@gmail.com', 34, '2023-06-27 16:50:11', 1),
(289, '::1', 'efraim@gmail.com', 37, '2023-06-27 17:31:53', 1),
(290, '::1', 'agus@gmail.com', 30, '2023-06-28 01:59:05', 1),
(291, '::1', 'wahyu@gmail.com', 31, '2023-06-28 18:30:39', 1),
(292, '::1', 'efraim@gmail.com', 37, '2023-06-28 19:57:10', 1),
(293, '::1', 'agus@gmail.com', 30, '2023-06-28 22:00:26', 1),
(294, '::1', 'wahyu', NULL, '2023-06-29 11:46:36', 0),
(295, '::1', 'wahyu@gmail.com', 31, '2023-06-29 11:46:40', 1),
(296, '::1', 'wahyu@gmail.com', 31, '2023-06-29 21:19:20', 1),
(297, '::1', 'efraim@gmail.com', 37, '2023-07-01 14:12:37', 1),
(298, '::1', 'agus', NULL, '2023-07-01 15:14:47', 0),
(299, '::1', 'agus@gmail.com', 30, '2023-07-01 15:14:53', 1),
(300, '::1', 'wahyu@gmail.com', 31, '2023-07-01 20:42:57', 1),
(301, '::1', 'wahyu', NULL, '2023-07-02 00:23:42', 0),
(302, '::1', 'wahyu@gmail.com', 31, '2023-07-02 00:23:51', 1),
(303, '::1', 'efraim', NULL, '2023-07-05 16:43:43', 0),
(304, '::1', 'efraim@gmail.com', 37, '2023-07-05 16:43:48', 1),
(305, '::1', 'agus@gmail.com', 30, '2023-07-05 16:52:47', 1),
(306, '::1', 'wahyu@gmail.com', 31, '2023-07-05 16:55:20', 1),
(307, '::1', 'efraim@gmail.com', 37, '2023-07-05 17:44:15', 1),
(308, '::1', 'wahyu@gmail.com', 31, '2023-07-05 18:14:09', 1),
(309, '::1', 'wahyu@gmail.com', 31, '2023-07-06 00:06:59', 1),
(310, '::1', 'wahyu@gmail.com', 31, '2023-07-08 19:17:25', 1),
(311, '::1', 'efraim', NULL, '2023-07-08 21:35:04', 0),
(312, '::1', 'efraim', NULL, '2023-07-08 21:35:09', 0),
(313, '::1', 'efraim@gmail.com', 37, '2023-07-08 21:35:16', 1),
(314, '::1', 'agus@gmail.com', 30, '2023-07-11 10:39:41', 1),
(315, '::1', 'wahyu@gmail.com', 31, '2023-07-11 11:36:29', 1),
(316, '::1', 'agus@gmail.com', 30, '2023-07-11 11:37:54', 1),
(317, '::1', 'wahyu@gmail.com', 31, '2023-07-11 11:40:18', 1),
(318, '::1', 'wahyu@gmail.com', 31, '2023-07-11 11:56:00', 1),
(319, '::1', 'wahyu', NULL, '2023-07-11 11:56:24', 0),
(320, '::1', 'wahyu@gmail.com', 31, '2023-07-11 12:03:48', 1),
(321, '::1', 'wahyu', NULL, '2023-07-11 18:52:13', 0),
(322, '::1', 'wahyu@gmail.com', 31, '2023-07-11 18:52:18', 1),
(323, '::1', 'agus@gmail.com', 30, '2023-07-11 20:00:56', 1),
(324, '::1', 'joni@gmail.com', 34, '2023-07-11 20:02:33', 1),
(325, '::1', 'wahyu@gmail.com', 31, '2023-07-13 11:54:38', 1),
(326, '::1', 'joni@gmail.com', 34, '2023-07-13 11:56:13', 1),
(327, '::1', 'wahyu@gmail.com', 31, '2023-07-13 11:56:39', 1),
(328, '::1', 'wahyu', NULL, '2023-07-13 16:36:56', 0),
(329, '::1', 'wahyu@gmail.com', 31, '2023-07-13 16:37:00', 1),
(330, '::1', 'joni@gmail.com', 34, '2023-07-13 20:00:06', 1),
(331, '::1', 'wahyu@gmail.com', 31, '2023-07-13 20:14:03', 1),
(332, '::1', 'joni@gmail.com', 34, '2023-07-13 20:26:28', 1),
(333, '::1', 'wahyu@gmail.com', 31, '2023-07-13 20:40:44', 1),
(334, '::1', 'joni@gmail.com', 34, '2023-07-13 20:41:45', 1),
(335, '::1', 'wahyu@gmail.com', 31, '2023-07-13 20:43:02', 1),
(336, '::1', 'joni@gmail.com', 34, '2023-07-13 20:45:29', 1),
(337, '::1', 'wahyu@gmail.com', 31, '2023-07-13 20:46:33', 1),
(338, '::1', 'joni@gmail.com', 34, '2023-07-13 20:47:23', 1),
(339, '::1', 'wahyu@gmail.com', 31, '2023-07-13 20:50:29', 1),
(340, '::1', 'joni@gmail.com', 34, '2023-07-13 20:54:42', 1),
(341, '::1', 'wahyu@gmail.com', 31, '2023-07-13 20:59:06', 1),
(342, '::1', 'joni@gmail.com', 34, '2023-07-13 21:01:34', 1),
(343, '::1', 'wahyu', NULL, '2023-07-13 21:02:22', 0),
(344, '::1', 'wahyu@gmail.com', 31, '2023-07-13 21:02:27', 1),
(345, '::1', 'wahyu@gmail.com', 31, '2023-07-13 21:23:23', 1),
(346, '::1', 'joni@gmail.com', 34, '2023-07-13 21:24:16', 1),
(347, '::1', 'efraim@gmail.com', 37, '2023-07-15 14:18:45', 1),
(348, '::1', 'efraim@gmail.com', 37, '2023-07-15 19:08:24', 1),
(349, '::1', 'efraim@gmail.com', 37, '2023-08-02 13:14:03', 1),
(350, '::1', 'wahyu@gmail.com', 31, '2023-08-02 13:14:15', 1),
(351, '::1', 'wahyu@gmail.com', 31, '2023-08-02 20:52:28', 1),
(352, '::1', 'wahyu@gmail.com', 31, '2023-08-10 16:21:19', 1),
(353, '::1', 'wahyu', NULL, '2023-08-11 19:42:55', 0),
(354, '::1', 'wahyu', NULL, '2023-08-11 19:43:00', 0),
(355, '::1', 'wahyu@gmail.com', 31, '2023-08-11 19:43:08', 1),
(356, '::1', 'wahyu@gmail.com', 31, '2023-08-13 21:34:43', 1),
(357, '::1', 'wahyu', NULL, '2023-08-14 14:33:45', 0),
(358, '::1', 'wahyu@gmail.com', 31, '2023-08-14 14:33:49', 1),
(359, '::1', 'agus@gmail.com', 30, '2023-08-14 15:40:20', 1),
(360, '::1', 'agus@gmail.com', 30, '2023-08-14 18:21:13', 1),
(361, '::1', 'bagus', NULL, '2023-08-14 18:22:34', 0),
(362, '::1', 'bagus', NULL, '2023-08-14 18:44:15', 0),
(363, '::1', 'joni', NULL, '2023-08-14 18:44:43', 0),
(364, '::1', 'joni@gmail.com', 34, '2023-08-14 18:44:53', 1),
(365, '::1', 'efraim', NULL, '2023-08-14 18:53:15', 0),
(366, '::1', 'efraim@gmail.com', 37, '2023-08-14 18:53:22', 1),
(367, '::1', 'joni@gmail.com', 34, '2023-08-15 13:10:56', 1),
(368, '::1', 'wahyu', NULL, '2023-08-15 13:44:17', 0),
(369, '::1', 'wahyu@gmail.com', 31, '2023-08-15 13:44:25', 1),
(370, '::1', 'joni@gmail.com', 34, '2023-08-15 14:08:03', 1),
(371, '::1', 'joni@gmail.com', 34, '2023-08-15 18:50:43', 1),
(372, '::1', 'joni@gmail.com', 34, '2023-08-15 21:16:30', 1),
(373, '::1', 'wahyu@gmail.com', 31, '2023-08-15 22:06:11', 1),
(374, '::1', 'wahyu@gmail.com', 31, '2023-08-15 23:34:29', 1),
(375, '::1', 'joni@gmail.com', 34, '2023-08-15 23:34:57', 1),
(376, '::1', 'wahyu@gmail.com', 31, '2023-08-15 23:35:40', 1),
(377, '::1', 'joni@gmail.com', 34, '2023-08-15 23:57:31', 1),
(378, '::1', 'wahyu@gmail.com', 31, '2023-08-17 20:39:02', 1),
(379, '::1', 'joni@gmail.com', 34, '2023-08-18 19:37:09', 1),
(380, '::1', 'efraim@gmail.com', 37, '2023-08-20 10:37:52', 1),
(381, '::1', 'efraim@gmail.com', 37, '2023-08-20 14:02:28', 1),
(382, '::1', 'efraim@gmail.com', 37, '2023-08-20 17:35:04', 1),
(383, '::1', 'joni@gmail.com', 34, '2023-08-20 20:33:06', 1),
(384, '::1', 'joni@gmail.com', 34, '2023-08-20 21:33:50', 1),
(385, '::1', 'efraim@gmail.com', 37, '2023-08-20 21:34:09', 1),
(386, '::1', 'dina@gmail.com', 45, '2023-08-20 22:14:25', 1),
(387, '::1', 'wahyu@gmail.com', 31, '2023-08-21 01:23:53', 1),
(388, '::1', 'efraim@gmail.com', 37, '2023-08-21 02:58:25', 1),
(389, '::1', 'joni@gmail.com', 34, '2023-08-21 03:38:51', 1),
(390, '::1', 'joni@gmail.com', 34, '2023-08-21 04:17:13', 1),
(391, '::1', 'joni@gmail.com', 34, '2023-08-21 04:25:39', 1),
(392, '::1', 'wahyu@gmail.com', 31, '2023-08-21 09:31:10', 1),
(393, '::1', 'efraim@gmail.com', 37, '2023-08-21 10:05:39', 1),
(394, '::1', 'joni@gmail.com', 34, '2023-08-21 10:38:22', 1),
(395, '::1', 'efraim@gmail.com', 37, '2023-08-22 00:15:38', 1),
(396, '::1', 'efraim@gmail.com', 37, '2023-08-22 12:24:45', 1),
(397, '::1', 'efraim@gmail.com', 37, '2023-08-23 18:13:35', 1),
(398, '::1', 'wahyu@gmail.com', 31, '2023-08-23 18:32:37', 1),
(399, '::1', 'wahyu@gmail.com', 31, '2023-08-23 22:10:40', 1),
(400, '::1', 'joni@gmail.com', 34, '2023-08-23 22:11:15', 1),
(401, '::1', 'efraim@gmail.com', 37, '2023-08-24 17:15:49', 1),
(402, '::1', 'joni@gmail.com', 34, '2023-08-25 15:49:36', 1),
(403, '::1', 'joni@gmail.com', 34, '2023-08-25 20:09:57', 1),
(404, '::1', 'joni@gmail.com', 34, '2023-08-25 23:04:46', 1),
(405, '::1', 'efraim@gmail.com', 37, '2023-08-25 23:22:10', 1),
(406, '::1', 'joni@gmail.com', 34, '2023-08-25 23:37:45', 1),
(407, '::1', 'wahyu@gmail.com', 31, '2023-08-26 13:51:40', 1),
(408, '::1', 'wahyu@gmail.com', 31, '2023-08-26 19:22:57', 1),
(409, '::1', 'joni@gmail.com', 34, '2023-08-26 20:47:23', 1),
(410, '::1', 'wahyu@gmail.com', 31, '2023-08-26 20:47:57', 1),
(411, '::1', 'wahyu@gmail.com', 31, '2023-08-29 17:33:12', 1),
(412, '::1', 'wahyu@gmail.com', 31, '2023-08-29 19:50:30', 1),
(413, '::1', 'joni@gmail.com', 34, '2023-08-30 22:43:55', 1),
(414, '::1', 'efraim@gmail.com', 37, '2023-08-31 16:21:27', 1),
(415, '::1', 'efraim@gmail.com', 37, '2023-08-31 21:31:20', 1),
(416, '::1', 'joni@gmail.com', 34, '2023-09-01 13:58:09', 1),
(417, '::1', 'joni@gmail.com', 34, '2023-09-01 14:34:31', 1),
(418, '::1', 'wahyu@gmail.com', 31, '2023-09-01 14:34:54', 1),
(419, '::1', 'joni@gmail.com', 34, '2023-09-01 14:36:59', 1),
(420, '::1', 'wahyu@gmail.com', 31, '2023-09-01 17:17:00', 1),
(421, '::1', 'joni@gmail.com', 34, '2023-09-01 17:31:52', 1),
(422, '::1', 'wahyu@gmail.com', 31, '2023-09-01 18:13:28', 1),
(423, '::1', 'efraim@gmail.com', 37, '2023-09-07 11:38:37', 1),
(424, '::1', 'joni', NULL, '2023-09-07 11:38:53', 0),
(425, '::1', 'joni@gmail.com', 34, '2023-09-07 11:39:00', 1),
(426, '::1', 'wahyu@gmail.com', 31, '2023-09-07 13:49:46', 1),
(427, '::1', 'joni@gmail.com', 34, '2023-09-07 13:55:04', 1),
(428, '::1', 'efraim@gmail.com', 37, '2023-09-11 21:00:00', 1),
(429, '::1', 'efraim@gmail.com', 37, '2023-09-12 16:17:37', 1),
(430, '::1', 'joni@gmail.com', 34, '2023-09-12 22:02:02', 1),
(431, '::1', 'efraim@gmail.com', 37, '2023-09-12 22:02:55', 1),
(432, '::1', 'wahyu@gmail.com', 31, '2023-09-18 09:05:05', 1),
(433, '::1', 'clinton@gmail.com', 40, '2023-09-18 09:21:57', 1),
(434, '::1', 'efraim@gmail.com', 37, '2023-09-18 12:38:54', 1),
(435, '::1', 'clinton@gmail.com', NULL, '2023-09-18 12:40:40', 0),
(436, '::1', 'clinton@gmail.com', NULL, '2023-09-18 12:40:49', 0),
(437, '::1', 'clinton', NULL, '2023-09-18 12:41:00', 0),
(438, '::1', 'clinton', NULL, '2023-09-18 12:41:39', 0),
(439, '::1', 'efraim@gmail.com', 37, '2023-09-18 12:41:49', 1),
(440, '::1', 'clinton@gmail.com', NULL, '2023-09-18 12:42:35', 0),
(441, '::1', 'clinton', NULL, '2023-09-18 12:43:20', 0),
(442, '::1', 'clinton', NULL, '2023-09-18 12:43:55', 0),
(443, '::1', 'efraim@gmail.com', 37, '2023-09-18 12:44:14', 1),
(444, '::1', 'juni', NULL, '2023-09-18 12:46:04', 0),
(445, '::1', 'wahyu@gmail.com', 31, '2023-09-18 12:46:27', 1),
(446, '::1', 'efraim@gmail.com', 37, '2023-09-18 12:51:05', 1),
(447, '::1', 'clinton@gmail.com', 59, '2023-09-18 12:51:38', 1),
(448, '::1', 'efraim@gmail.com', 37, '2023-09-18 12:52:14', 1),
(449, '::1', 'clinton@gmail.com', 59, '2023-09-18 13:01:43', 1),
(450, '::1', 'clinton@gmail.com', 59, '2023-09-18 22:06:16', 1),
(451, '::1', 'efraim@gmail.com', 37, '2023-09-19 08:48:15', 1),
(452, '::1', 'clinton@gmail.com', 59, '2023-09-19 08:49:20', 1),
(453, '::1', 'clinton@gmail.com', 59, '2023-09-19 10:49:34', 1),
(454, '::1', 'joni@gmail.com', 34, '2023-09-19 10:55:12', 1),
(455, '::1', 'clinton@gmail.com', 59, '2023-09-19 11:00:57', 1),
(456, '::1', 'efraim@gmail.com', 37, '2023-09-19 11:51:21', 1),
(457, '::1', 'marry@gmail.com', 61, '2023-09-19 13:16:17', 1),
(458, '::1', 'marry@gmail.com', 61, '2023-09-19 21:29:49', 1),
(459, '::1', 'joni@gmail.com', 34, '2023-09-19 21:59:14', 1),
(460, '::1', 'marry@gmail.com', NULL, '2023-09-19 21:59:49', 0),
(461, '::1', 'marry@gmail.com', 61, '2023-09-19 21:59:54', 1),
(462, '::1', 'joni@gmail.com', 34, '2023-09-19 22:09:50', 1),
(463, '::1', 'marry@gmail.com', 61, '2023-09-19 22:11:31', 1),
(464, '::1', 'marry@gmail.com', 61, '2023-09-20 10:49:56', 1),
(465, '::1', 'marry@gmail.com', 61, '2023-09-20 14:06:07', 1),
(466, '::1', 'joni', NULL, '2023-09-20 21:53:07', 0),
(467, '::1', 'joni@gmail.com', 34, '2023-09-20 21:53:18', 1),
(468, '::1', 'marry@gmail.com', 61, '2023-09-20 21:58:24', 1),
(469, '::1', 'joni@gmail.com', 34, '2023-09-20 22:00:43', 1),
(470, '::1', 'joni@gmail.com', 34, '2023-09-21 07:57:19', 1),
(471, '::1', 'marry@gmail.com', 61, '2023-09-21 08:04:21', 1),
(472, '::1', 'joni@gmail.com', NULL, '2023-09-21 08:05:24', 0),
(473, '::1', 'joni@gmail.com', 34, '2023-09-21 08:05:32', 1),
(474, '::1', 'wahyu@gmail.com', 31, '2023-09-21 08:32:29', 1),
(475, '::1', 'joni@gmail.com', 34, '2023-09-21 08:33:03', 1),
(476, '::1', 'wahyu@gmail.com', 31, '2023-09-21 09:13:14', 1),
(477, '::1', 'joni@gmail.com', 34, '2023-09-21 09:14:44', 1),
(478, '::1', 'wahyu@gmail.com', 31, '2023-09-21 09:17:47', 1),
(479, '::1', 'joni@gmail.com', 34, '2023-09-21 09:18:25', 1),
(480, '::1', 'joni@gmail.com', 34, '2023-09-21 09:19:16', 1),
(481, '::1', 'wahyu', NULL, '2023-09-21 09:19:35', 0),
(482, '::1', 'wahyu', NULL, '2023-09-21 09:19:40', 0),
(483, '::1', 'wahyu@gmail.com', 31, '2023-09-21 09:19:50', 1),
(484, '::1', 'joni@gmail.com', 34, '2023-09-21 09:21:48', 1),
(485, '::1', 'marry@gmail.com', 61, '2023-09-21 09:49:34', 1),
(486, '::1', 'marry@gmail.com', 61, '2023-09-21 10:10:35', 1),
(487, '::1', 'joni@gmail.com', 34, '2023-09-21 10:10:45', 1),
(488, '::1', 'marry@gmail.com', 61, '2023-09-21 10:12:42', 1),
(489, '::1', 'joni@gmail.com', 34, '2023-09-21 10:14:27', 1),
(490, '::1', 'joni', NULL, '2023-09-21 14:07:57', 0),
(491, '::1', 'joni@gmail.com', 34, '2023-09-21 14:08:05', 1),
(492, '::1', 'marry@gmail.com', 61, '2023-09-21 17:11:02', 1),
(493, '::1', 'joni@gmail.com', 34, '2023-09-21 17:12:36', 1),
(494, '::1', 'marry@gmail.com', 61, '2023-09-21 17:13:38', 1),
(495, '::1', 'joni@gmail.com', NULL, '2023-09-21 17:16:08', 0),
(496, '::1', 'joni@gmail.com', 34, '2023-09-21 17:16:15', 1),
(497, '::1', 'marry@gmail.com', 61, '2023-09-23 16:25:48', 1),
(498, '::1', 'marry@gmail.com', 61, '2023-09-23 20:15:38', 1),
(499, '::1', 'marry@gmail.com', NULL, '2023-09-24 14:51:08', 0),
(500, '::1', 'marry@gmail.com', 61, '2023-09-24 14:51:16', 1),
(501, '::1', 'joni@gmail.com', 34, '2023-09-24 14:58:41', 1),
(502, '::1', 'wahyu', NULL, '2023-09-24 21:03:15', 0),
(503, '::1', 'wahyu@gmail.com', 31, '2023-09-24 21:03:22', 1),
(504, '::1', 'joni@gmail.com', 34, '2023-09-24 21:05:17', 1),
(505, '::1', 'marry@gmail.com', 61, '2023-09-24 23:46:01', 1),
(506, '::1', 'joni@gmail.com', 34, '2023-09-25 21:53:35', 1),
(507, '::1', 'marry@gmail.com', 61, '2023-09-25 22:34:09', 1),
(508, '::1', 'marry@gmail.com', 61, '2023-09-26 14:39:03', 1),
(509, '::1', 'joni@gmail.com', 34, '2023-09-26 14:46:40', 1),
(510, '::1', 'marry@gmail.com', 61, '2023-09-26 15:18:34', 1),
(511, '::1', 'joni@gmail.com', 34, '2023-09-26 15:22:59', 1),
(512, '::1', 'marry@gmail.com', 61, '2023-09-26 16:35:41', 1),
(513, '::1', 'joni@gmail.com', 34, '2023-09-26 16:49:21', 1),
(514, '::1', 'marry@gmail.com', 61, '2023-09-26 16:55:36', 1),
(515, '::1', 'joni@gmail.com', 34, '2023-09-26 17:18:33', 1),
(516, '::1', 'marry@gmail.com', 61, '2023-09-26 17:22:33', 1),
(517, '::1', 'joni@gmail.com', 34, '2023-09-26 17:24:47', 1),
(518, '::1', 'marry@gmail.com', 61, '2023-09-26 17:25:12', 1),
(519, '::1', 'joni@gmail.com', 34, '2023-09-26 17:29:07', 1),
(520, '::1', 'marry@gmail.com', NULL, '2023-09-26 17:31:12', 0),
(521, '::1', 'marry@gmail.com', 61, '2023-09-26 17:31:17', 1),
(522, '::1', 'joni@gmail.com', 34, '2023-09-26 17:36:02', 1),
(523, '::1', 'efraim@gmail.com', 37, '2023-09-26 18:04:34', 1),
(524, '::1', 'marry@gmail.com', 61, '2023-09-26 18:05:59', 1),
(525, '::1', 'joni@gmail.com', 34, '2023-09-26 18:13:38', 1),
(526, '::1', 'marry@gmail.com', 61, '2023-09-26 18:18:29', 1),
(527, '::1', 'joni@gmail.com', 34, '2023-09-26 18:31:39', 1),
(528, '::1', 'marry@gmail.com', 61, '2023-09-26 18:36:07', 1),
(529, '::1', 'joni@gmail.com', 34, '2023-09-26 18:36:32', 1),
(530, '::1', 'marry@gmail.com', 61, '2023-09-26 19:14:56', 1),
(531, '::1', 'joni@gmail.com', 34, '2023-09-26 19:16:31', 1),
(532, '::1', 'efraim@gmail.com', 37, '2023-09-26 19:19:28', 1),
(533, '::1', 'kristofel@gmail.com', 62, '2023-09-26 20:07:07', 1),
(534, '::1', 'wahyu@gmail.com', 31, '2023-09-27 10:32:48', 1),
(535, '::1', 'wahyu@gmail.com', 31, '2023-09-27 13:42:41', 1),
(536, '::1', 'marry@gmail.com', 61, '2023-09-28 08:43:32', 1),
(537, '::1', 'joni@gmail.com', 34, '2023-09-28 08:44:11', 1),
(538, '::1', 'marry@gmail.com', 61, '2023-09-28 08:53:13', 1),
(539, '::1', 'joni@gmail.com', 34, '2023-09-28 08:53:50', 1),
(540, '::1', 'marry@gmail.com', 61, '2023-09-28 08:54:38', 1),
(541, '::1', 'joni@gmail.com', 34, '2023-09-28 08:55:10', 1),
(542, '::1', 'marry@gmail.com', 61, '2023-09-28 09:29:26', 1),
(543, '::1', 'efraim@gmail.com', 37, '2023-09-28 10:14:52', 1),
(544, '::1', 'marry@gmail.com', 61, '2023-09-28 10:20:25', 1),
(545, '::1', 'joni@gmail.com', 34, '2023-09-28 10:36:05', 1),
(546, '::1', 'marry@gmail.com', 61, '2023-09-28 11:07:49', 1),
(547, '::1', 'joni@gmail.com', 34, '2023-09-28 11:08:27', 1),
(548, '::1', 'wahyu@gmail.com', 31, '2023-09-28 12:12:20', 1),
(549, '::1', 'joni@gmail.com', 34, '2023-09-28 12:32:32', 1),
(550, '::1', 'marry@gmail.com', 61, '2023-09-28 14:12:25', 1),
(551, '::1', 'joni@gmail.com', 34, '2023-09-28 14:25:21', 1),
(552, '::1', 'marry@gmail.com', 61, '2023-09-28 14:55:22', 1),
(553, '::1', 'joni@gmail.com', 34, '2023-09-28 16:10:36', 1),
(554, '::1', 'joni@gmail.com', 34, '2023-09-28 18:24:18', 1),
(555, '::1', 'marry@gmail.com', 61, '2023-09-29 00:38:29', 1),
(556, '::1', 'joni@gmail.com', 34, '2023-09-29 00:40:50', 1),
(557, '::1', 'marry@gmail.com', NULL, '2023-09-29 16:22:56', 0),
(558, '::1', 'marry@gmail.com', 61, '2023-09-29 16:23:02', 1),
(559, '::1', 'joni@gmail.com', 34, '2023-09-29 22:36:58', 1),
(560, '::1', 'marry@gmail.com', 61, '2023-09-29 22:38:06', 1),
(561, '::1', 'joni@gmail.com', 34, '2023-09-29 22:38:53', 1),
(562, '::1', 'joni@gmail.com', 34, '2023-09-30 14:51:17', 1),
(563, '::1', 'marry@gmail.com', 61, '2023-09-30 15:48:26', 1),
(564, '::1', 'marry@gmail.com', 61, '2023-11-20 11:47:44', 1),
(565, '::1', 'marry@gmail.com', 61, '2023-11-20 18:05:47', 1),
(566, '::1', 'marry@gmail.com', 61, '2023-11-21 00:34:27', 1),
(567, '::1', 'joni@gmail.com', 34, '2023-11-21 01:54:51', 1),
(568, '::1', 'marry@gmail.com', NULL, '2023-11-21 02:18:56', 0),
(569, '::1', 'marry@gmail.com', 61, '2023-11-21 02:19:11', 1),
(570, '::1', 'marry@gmail.com', 61, '2023-11-21 21:17:32', 1),
(571, '::1', 'efraim@gmail.com', NULL, '2024-01-10 21:50:04', 0),
(572, '::1', 'efraim@gmail.com', 37, '2024-01-10 21:50:14', 1);

-- --------------------------------------------------------

--
-- Table structure for table `auth_permissions`
--

CREATE TABLE `auth_permissions` (
  `id` int(11) UNSIGNED NOT NULL,
  `name` varchar(255) NOT NULL,
  `description` varchar(255) NOT NULL
) ENGINE=InnoDB DEFAULT CHARSET=utf8 COLLATE=utf8_general_ci;

--
-- Dumping data for table `auth_permissions`
--

INSERT INTO `auth_permissions` (`id`, `name`, `description`) VALUES
(1, 'manage-user', 'manage all user'),
(2, 'manage-profile', 'koordinator'),
(3, 'user_thl', 'Penyapu jalan'),
(4, 'guest', 'Tamu');

-- --------------------------------------------------------

--
-- Table structure for table `auth_reset_attempts`
--

CREATE TABLE `auth_reset_attempts` (
  `id` int(11) UNSIGNED NOT NULL,
  `email` varchar(255) NOT NULL,
  `ip_address` varchar(255) NOT NULL,
  `user_agent` varchar(255) NOT NULL,
  `token` varchar(255) DEFAULT NULL,
  `created_at` datetime NOT NULL
) ENGINE=InnoDB DEFAULT CHARSET=utf8 COLLATE=utf8_general_ci;

-- --------------------------------------------------------

--
-- Table structure for table `auth_tokens`
--

CREATE TABLE `auth_tokens` (
  `id` int(11) UNSIGNED NOT NULL,
  `selector` varchar(255) NOT NULL,
  `hashedValidator` varchar(255) NOT NULL,
  `user_id` int(11) UNSIGNED NOT NULL,
  `expires` datetime NOT NULL
) ENGINE=InnoDB DEFAULT CHARSET=utf8 COLLATE=utf8_general_ci;

-- --------------------------------------------------------

--
-- Table structure for table `auth_users_permissions`
--

CREATE TABLE `auth_users_permissions` (
  `user_id` int(11) UNSIGNED NOT NULL DEFAULT 0,
  `permission_id` int(11) UNSIGNED NOT NULL DEFAULT 0
) ENGINE=InnoDB DEFAULT CHARSET=utf8 COLLATE=utf8_general_ci;

-- --------------------------------------------------------

--
-- Table structure for table `lok`
--

CREATE TABLE `lok` (
  `id` int(11) NOT NULL,
  `daerah` varchar(255) NOT NULL
) ENGINE=InnoDB DEFAULT CHARSET=utf8mb4 COLLATE=utf8mb4_general_ci;

--
-- Dumping data for table `lok`
--

INSERT INTO `lok` (`id`, `daerah`) VALUES
(1, 'Tondano Barat'),
(2, 'Tondano Selatan'),
(3, 'Tondano Utara'),
(4, 'Tondano Timur');

-- --------------------------------------------------------

--
-- Table structure for table `migrations`
--

CREATE TABLE `migrations` (
  `id` bigint(20) UNSIGNED NOT NULL,
  `version` varchar(255) NOT NULL,
  `class` varchar(255) NOT NULL,
  `group` varchar(255) NOT NULL,
  `namespace` varchar(255) NOT NULL,
  `time` int(11) NOT NULL,
  `batch` int(11) UNSIGNED NOT NULL
) ENGINE=InnoDB DEFAULT CHARSET=utf8 COLLATE=utf8_general_ci;

--
-- Dumping data for table `migrations`
--

INSERT INTO `migrations` (`id`, `version`, `class`, `group`, `namespace`, `time`, `batch`) VALUES
(1, '2017-11-20-223112', 'Myth\\Auth\\Database\\Migrations\\CreateAuthTables', 'default', 'Myth\\Auth', 1683032974, 1);

-- --------------------------------------------------------

--
-- Table structure for table `riwayat_thl`
--

CREATE TABLE `riwayat_thl` (
  `id` int(11) NOT NULL,
  `username` varchar(255) DEFAULT NULL,
  `lokasi` varchar(255) DEFAULT NULL,
  `jalur_bef` varchar(255) DEFAULT NULL,
  `waktu_bef` datetime DEFAULT NULL,
  `waktu_sel` datetime DEFAULT NULL,
  `latitude1` varchar(255) DEFAULT NULL,
  `longitude1` varchar(255) DEFAULT NULL,
  `foto_bef` varchar(255) DEFAULT NULL,
  `jalur_af` varchar(255) DEFAULT NULL,
  `waktu_af` datetime DEFAULT NULL,
  `latitude2` varchar(255) DEFAULT NULL,
  `longitude2` varchar(255) DEFAULT NULL,
  `foto_af` varchar(255) DEFAULT NULL,
  `keterangan1` varchar(255) DEFAULT NULL,
  `status` varchar(255) DEFAULT NULL
) ENGINE=InnoDB DEFAULT CHARSET=utf8mb4 COLLATE=utf8mb4_general_ci;

--
-- Dumping data for table `riwayat_thl`
--

INSERT INTO `riwayat_thl` (`id`, `username`, `lokasi`, `jalur_bef`, `waktu_bef`, `waktu_sel`, `latitude1`, `longitude1`, `foto_bef`, `jalur_af`, `waktu_af`, `latitude2`, `longitude2`, `foto_af`, `keterangan1`, `status`) VALUES
(112, 'marry', 'Tondano Selatan', 'test', '2023-11-20 11:53:13', NULL, '1.267568973974812', '124.87573456223102', '1700452141_37797b8bf320baef79a8.jpg', 'test', '2023-11-20 11:53:13', '1.2677822019097265', '124.87560972058098', '1700452393_5da9745c7af1bf9d016e.jpg', '', NULL),
(113, 'marry', 'Tondano Selatan', 'test', '2023-11-20 12:00:28', NULL, '1.2676361626778454', '124.87565620641423', '1700452425_2301f0b5ec141a7c084f.jpg', 'test', '2023-11-20 12:00:28', '1.267405341014158', '124.8757392238515', '1700452828_7e944bf042ba9a22caee.jpg', 'KIRI DAN KANAN PADA JALUR LOKASI BERSIH', NULL),
(114, 'marry', 'Tondano Selatan', 'test1', '2023-11-20 12:01:26', NULL, '1.267432119180515', '124.87573666697322', '1700452860_b0fccae7d345e75c84a7.jpg', 'test', '2023-11-20 12:01:26', '1.267432119180515', '124.87573666697322', '1700452886_58a0cf7d8edbe8231cfd.jpg', 'LOKASI SERING KOTOR', NULL),
(115, 'marry', 'Tondano Selatan', 'test', '2023-11-20 12:30:32', NULL, '1.2675106737635276', '124.8757602138936', '1700454228_68cca071cf7d5e1cee30.jpg', 'twsg', '2023-11-20 12:30:32', '1.2675972012502845', '124.87564361638034', '1700454632_152750faea2622a2c049.jpg', 'KIRI DAN KANAN PADA JALUR LOKASI BERSIH', NULL),
(116, 'marry', 'Tondano Selatan', 'test', '2023-11-20 12:33:41', NULL, '1.2676368592938072', '124.87565233453398', '1700454740_a54dd01a5cf1431fe239.jpg', 'test', '2023-11-20 12:33:41', '1.2675625640327306', '124.87570745066108', '1700454821_fec00f83858526a8dd96.jpg', 'KIRI DAN KANAN PADA JALUR LOKASI BERSIH', NULL),
(117, 'marry', 'Tondano Selatan', 'test', '2023-11-20 12:40:19', NULL, '1.2674672434988181', '124.87557008500508', '1700454931_19559ae1d666f0870268.jpg', 'test', '2023-11-20 12:40:19', '1.2675675110045008', '124.87571348765418', '1700455219_ffdf9d37fb7f89107050.jpg', 'LOKASI SERING KOTOR', NULL),
(123, 'marry', 'Tondano Selatan', 'testing', '2023-11-21 02:24:44', '2023-11-21 02:20:48', '1.2676251648985088', '124.87564335001905', '1700504448_4c144e6dc6b28a5b5be5.jpg', 'testing', '2023-11-21 02:24:44', '1.2676095270084458', '124.87566843243698', '1700504684_fa968ac5756ccec99833.jpg', 'KIRI DAN KANAN PADA JALUR LOKASI BERSIH', NULL),
(124, 'marry', 'Tondano Selatan', 'test', '2023-11-21 21:28:29', '2023-11-21 21:26:59', '1.2676277123080273', '124.87569491480802', '1700573219_f215f893dff469dcb0f0.jpg', 'test', '2023-11-21 21:28:29', '1.267589115557184', '124.8756480415632', '1700573309_bc4188426355e1bcf6d3.jpg', 'KIRI DAN KANAN PADA JALUR LOKASI BERSIH', NULL),
(125, 'marry', 'Tondano Selatan', 'testing', '2023-11-21 22:22:15', '2023-11-21 22:05:58', '1.2672124189108327', '124.87547416207056', '1700575558_8636b25dbe0fd47ad23a.jpg', 'testing', '2023-11-21 22:22:15', '1.267567191694756', '124.87565817881674', '1700576535_9d08f1b9c31162a39add.jpg', 'KIRI DAN KANAN PADA JALUR LOKASI BERSIH', NULL);

-- --------------------------------------------------------

--
-- Table structure for table `setujui`
--

CREATE TABLE `setujui` (
  `id` int(255) NOT NULL,
  `username` varchar(255) DEFAULT NULL,
  `lokasi` varchar(255) DEFAULT NULL,
  `jalur_bef` varchar(255) DEFAULT NULL,
  `waktu_bef` varchar(255) DEFAULT NULL,
  `waktu_sel` datetime DEFAULT NULL,
  `latitude1` varchar(255) DEFAULT NULL,
  `longitude1` varchar(255) DEFAULT NULL,
  `foto_bef` varchar(255) DEFAULT NULL,
  `jalur_af` varchar(255) DEFAULT NULL,
  `waktu_af` varchar(255) DEFAULT NULL,
  `latitude2` varchar(255) DEFAULT NULL,
  `longitude2` varchar(255) DEFAULT NULL,
  `foto_af` varchar(255) DEFAULT NULL,
  `keterangan1` varchar(255) DEFAULT NULL,
  `status` varchar(255) DEFAULT NULL,
  `status1` varchar(255) DEFAULT NULL
) ENGINE=InnoDB DEFAULT CHARSET=utf8mb4 COLLATE=utf8mb4_general_ci;

--
-- Dumping data for table `setujui`
--

INSERT INTO `setujui` (`id`, `username`, `lokasi`, `jalur_bef`, `waktu_bef`, `waktu_sel`, `latitude1`, `longitude1`, `foto_bef`, `jalur_af`, `waktu_af`, `latitude2`, `longitude2`, `foto_af`, `keterangan1`, `status`, `status1`) VALUES
(119, 'marry', 'Tondano Selatan', 'test', '2023-11-20 14:13:35', '2023-11-20 14:02:45', '1.2676466998817268', '124.87596599142518', '1700460165_79678ec45886d041748d.jpg', 'testing', '2023-11-20 14:13:35', '1.2675230035210179', '124.87562993123659', '1700460815_07ff7f739f2ea5c5e231.jpg', 'KIRI DAN KANAN PADA JALUR LOKASI BERSIH', 'Data langsung disetujui', NULL),
(121, 'marry', 'Tondano Selatan', 'test', '2023-11-20 19:31:18', NULL, '1.2673697103159203', '124.87571018602033', '1700474840_c363288a8ddeae1cd05a.jpg', 'testr', '2023-11-20 19:31:18', '1.2672993333333331', '124.87642883333332', '1700479878_b4466a2faf5506f0ec9c.jpg', 'KIRI DAN KANAN PADA JALUR LOKASI BERSIH', 'Data langsung disetujui', NULL);

-- --------------------------------------------------------

--
-- Table structure for table `tidak_kerja`
--

CREATE TABLE `tidak_kerja` (
  `id` int(255) NOT NULL,
  `lokasi` varchar(255) DEFAULT NULL,
  `username` varchar(255) DEFAULT NULL,
  `alasan1` varchar(255) DEFAULT NULL,
  `komentar` varchar(255) DEFAULT NULL,
  `foto_bukti` varchar(255) DEFAULT NULL,
  `created_at` date NOT NULL,
  `updated_at` date NOT NULL,
  `waktu_k` varchar(255) DEFAULT NULL
) ENGINE=InnoDB DEFAULT CHARSET=utf8mb4 COLLATE=utf8mb4_general_ci;

--
-- Dumping data for table `tidak_kerja`
--

INSERT INTO `tidak_kerja` (`id`, `lokasi`, `username`, `alasan1`, `komentar`, `foto_bukti`, `created_at`, `updated_at`, `waktu_k`) VALUES
(17, 'Tondano Selatan', 'marry', 'Saya Berhalangan/tidak Kerja Hari ini', 'testing', '1695881596_7f1f60ba6ef7d54c333a.jpg', '2023-09-28', '2023-09-28', '2023-09-28 14:13:16'),
(18, 'Tondano Selatan', 'marry', 'Saya Berhalangan/tidak Kerja Hari ini', 'testing', '1695888174_5f4ea3834e1110dca597.jpg', '2023-09-28', '2023-09-28', '2023-09-28 16:02:54'),
(19, 'Tondano Selatan', 'marry', 'Saya Berhalangan/tidak Kerja Hari ini', 'saya sedang sakit', '1695919183_84d68a5a7e3715012156.jpg', '2023-09-29', '2023-09-29', '2023-09-29 00:39:43');

-- --------------------------------------------------------

--
-- Table structure for table `unsetuju`
--

CREATE TABLE `unsetuju` (
  `id` int(255) NOT NULL,
  `username` varchar(255) DEFAULT NULL,
  `lokasi` varchar(255) DEFAULT NULL,
  `jalur_bef` varchar(255) DEFAULT NULL,
  `waktu_bef` varchar(255) DEFAULT NULL,
  `waktu_sel` datetime DEFAULT NULL,
  `latitude1` varchar(255) DEFAULT NULL,
  `longitude1` varchar(255) DEFAULT NULL,
  `foto_bef` varchar(255) DEFAULT NULL,
  `jalur_af` varchar(255) DEFAULT NULL,
  `waktu_af` varchar(255) DEFAULT NULL,
  `latitude2` varchar(255) DEFAULT NULL,
  `longitude2` varchar(255) DEFAULT NULL,
  `foto_af` varchar(255) DEFAULT NULL,
  `keterangan1` varchar(255) DEFAULT NULL,
  `status` varchar(255) DEFAULT NULL,
  `status1` varchar(255) DEFAULT NULL
) ENGINE=InnoDB DEFAULT CHARSET=utf8mb4 COLLATE=utf8mb4_general_ci;

--
-- Dumping data for table `unsetuju`
--

INSERT INTO `unsetuju` (`id`, `username`, `lokasi`, `jalur_bef`, `waktu_bef`, `waktu_sel`, `latitude1`, `longitude1`, `foto_bef`, `jalur_af`, `waktu_af`, `latitude2`, `longitude2`, `foto_af`, `keterangan1`, `status`, `status1`) VALUES
(118, 'marry', 'Tondano Selatan', 'test', '2023-11-20 12:51:36', NULL, '1.2675397366505365', '124.87566536188098', '1700455835_65e437721961758ff0cc.jpg', 'test', '2023-11-20 12:51:36', '1.2675871629939581', '124.87567960377122', '1700455896_08b00be86000adde6e52.jpg', 'KIRI DAN KANAN PADA JALUR LOKASI BERSIH', 'Setidaknya satu opsi dicentang', NULL),
(122, 'marry', 'Tondano Selatan', 'test', '2023-11-21 01:13:28', NULL, '1.267398592099261', '124.87549922999726', '1700500274_2580e8607926f3e68cbc.jpg', 'test', '2023-11-21 01:13:28', '1.2675949226187793', '124.87564414880437', '1700500408_031dea50b0bd2c4fc449.jpg', 'KIRI DAN KANAN PADA JALUR LOKASI BERSIH', 'Setidaknya satu opsi dicentang', NULL);

-- --------------------------------------------------------

--
-- Table structure for table `users`
--

CREATE TABLE `users` (
  `id` int(11) UNSIGNED NOT NULL,
  `email` varchar(255) NOT NULL,
  `username` varchar(255) DEFAULT NULL,
  `fullname` varchar(255) DEFAULT NULL,
  `alamat` varchar(255) DEFAULT NULL,
  `kelamin` varchar(255) DEFAULT NULL,
  `lahir` date DEFAULT NULL,
  `lokasi` varchar(255) DEFAULT NULL,
  `user_img` varchar(255) DEFAULT 'default.svg',
  `jabatan` varchar(255) DEFAULT NULL,
  `password_hash` varchar(255) NOT NULL,
  `reset_hash` varchar(255) DEFAULT NULL,
  `reset_at` datetime DEFAULT NULL,
  `reset_expires` datetime DEFAULT NULL,
  `activate_hash` varchar(255) DEFAULT NULL,
  `status` varchar(255) DEFAULT NULL,
  `status_message` varchar(255) DEFAULT NULL,
  `active` tinyint(1) NOT NULL DEFAULT 0,
  `force_pass_reset` tinyint(1) NOT NULL DEFAULT 0,
  `created_at` datetime DEFAULT NULL,
  `updated_at` datetime DEFAULT NULL,
  `deleted_at` datetime DEFAULT NULL,
  `jalur_bef` varchar(255) DEFAULT NULL,
  `foto_bef` varchar(255) DEFAULT NULL,
  `latitude1` varchar(255) DEFAULT NULL,
  `longitude1` varchar(255) DEFAULT NULL,
  `jalur_af` varchar(255) DEFAULT NULL,
  `foto_af` varchar(255) DEFAULT NULL,
  `latitude2` varchar(255) DEFAULT NULL,
  `longitude2` varchar(255) DEFAULT NULL,
  `keterangan1` varchar(255) DEFAULT NULL,
  `alasan1` varchar(255) DEFAULT NULL,
  `komentar` varchar(255) DEFAULT NULL,
  `foto_bukti` varchar(255) NOT NULL
) ENGINE=InnoDB DEFAULT CHARSET=utf8 COLLATE=utf8_general_ci;

--
-- Dumping data for table `users`
--

INSERT INTO `users` (`id`, `email`, `username`, `fullname`, `alamat`, `kelamin`, `lahir`, `lokasi`, `user_img`, `jabatan`, `password_hash`, `reset_hash`, `reset_at`, `reset_expires`, `activate_hash`, `status`, `status_message`, `active`, `force_pass_reset`, `created_at`, `updated_at`, `deleted_at`, `jalur_bef`, `foto_bef`, `latitude1`, `longitude1`, `jalur_af`, `foto_af`, `latitude2`, `longitude2`, `keterangan1`, `alasan1`, `komentar`, `foto_bukti`) VALUES
(30, 'agus@gmail.com', 'agus', 'Agus nuvrianto margareta', NULL, NULL, NULL, 'Tondano Barat', 'default.svg', 'Koordinator', '$2y$10$BYsGU0lTHa.Gf32GzS6iU.sove3CgQ/e2MgZXyilV2lVujMnhP5QC', NULL, NULL, NULL, NULL, NULL, NULL, 1, 0, '2023-05-18 14:01:48', '2023-05-18 14:04:05', NULL, NULL, NULL, NULL, NULL, NULL, NULL, NULL, NULL, NULL, '', NULL, ''),
(31, 'wahyu@gmail.com', 'wahyu', 'wahyu', 'jalan asdim', 'Laki-laki', '2023-05-20', 'Tondano Selatan', 'default.svg', 'Penyapu', '$2y$10$bL6wWxOiJ7iq/8nGT/XmpuJ/piKZiNt/p2OhDwauk08n5Cc5g85ea', NULL, NULL, NULL, NULL, NULL, NULL, 1, 0, '2023-05-18 14:02:15', '2023-09-27 13:44:15', NULL, 'testing 1', '1695793391_76e7aa3ed956d194e4ee.jpg', '1.265734857999613', '124.88612256529309', 'testing', '1695793455_2afb3fab318c50ab0218.jpg', '1.265734857999613', '124.88612256529309', 'Hari Ini Saya Bekerja', 'Hari Ini Saya Bekerja', NULL, ''),
(34, 'joni@gmail.com', 'joni', 'joni sins', 'jalan asdim honso', 'Laki-laki', '2023-06-01', 'Tondano Selatan', 'default.svg', 'Koordinator', '$2y$10$Ed24k1xGj7ir8QgsQcbW0es6p2xw2Rp/LRJmrmSdLyEDS9RolmuCe', NULL, NULL, NULL, NULL, NULL, NULL, 1, 0, '2023-05-19 10:50:37', '2023-09-26 19:12:00', NULL, NULL, NULL, NULL, NULL, NULL, NULL, NULL, NULL, NULL, '', NULL, ''),
(37, 'efraim@gmail.com', 'efraim', 'efraim diamanis', 'perumahan unima', 'Perempuan', '2023-08-20', NULL, 'default.svg', 'admin', '$2y$10$IamN7Ap7XyrE4Q2H2.cPzOKlTzs9sAhUQAjuM2Q7psl5rsmW3FcZa', NULL, NULL, NULL, NULL, NULL, NULL, 1, 0, '2023-05-23 04:12:19', '2023-08-25 23:31:04', NULL, NULL, NULL, NULL, NULL, NULL, NULL, NULL, NULL, NULL, '', NULL, ''),
(59, 'clinton@gmail.com', 'clinton', 'clinton', '', '', '0000-00-00', 'Tondano Selatan', 'default.svg', 'Penyapu Jalan', '$2y$10$vopzmB/65UAf6We1bRufj.WNmxXPTHEdDei44dfuOkBrhzwM1uLI6', NULL, NULL, NULL, NULL, NULL, NULL, 1, 0, '2023-09-18 12:51:25', '2023-09-19 11:47:06', NULL, 'pem', '1695095210_5a0d965472953dccaa68.jpg', '1.2677550000000002', '124.875826', 'perm', '1695095226_60efd697d3cffaffb6f0.jpg', '1.2677550000000002', '124.875826', NULL, '', NULL, ''),
(61, 'marry@gmail.com', 'marry', 'Marry Since', 'perumahan unima', 'Perempuan', '1984-02-21', 'Tondano Selatan', 'default.svg', 'Penyapu Jalan', '$2y$10$/v37GdziD5f2KIpcs/I8fOYwIUc5TSI/N0nSD/7eVIHEg7Yu9rPRy', NULL, NULL, NULL, NULL, NULL, NULL, 1, 0, '2023-09-19 13:15:31', '2023-11-21 22:27:24', NULL, 'testing', '1700576844_1ef1000b437f26a64c18.jpg', '1.2677363794968777', '124.87577870998622', 'twsg', '1700454632_152750faea2622a2c049.jpg', '1.2675972012502845', '124.87564361638034', 'Hari Ini Saya Bekerja', 'Hari Ini Saya Bekerja', 'saya takut', '1700505313_8c0ae4f7885d650f7bfd.jpg');

--
-- Indexes for dumped tables
--

--
-- Indexes for table `auth_activation_attempts`
--
ALTER TABLE `auth_activation_attempts`
  ADD PRIMARY KEY (`id`);

--
-- Indexes for table `auth_groups`
--
ALTER TABLE `auth_groups`
  ADD PRIMARY KEY (`id`);

--
-- Indexes for table `auth_groups_permissions`
--
ALTER TABLE `auth_groups_permissions`
  ADD KEY `auth_groups_permissions_permission_id_foreign` (`permission_id`),
  ADD KEY `group_id_permission_id` (`group_id`,`permission_id`);

--
-- Indexes for table `auth_groups_users`
--
ALTER TABLE `auth_groups_users`
  ADD KEY `auth_groups_users_user_id_foreign` (`user_id`),
  ADD KEY `group_id_user_id` (`group_id`,`user_id`);

--
-- Indexes for table `auth_logins`
--
ALTER TABLE `auth_logins`
  ADD PRIMARY KEY (`id`),
  ADD KEY `email` (`email`),
  ADD KEY `user_id` (`user_id`);

--
-- Indexes for table `auth_permissions`
--
ALTER TABLE `auth_permissions`
  ADD PRIMARY KEY (`id`);

--
-- Indexes for table `auth_reset_attempts`
--
ALTER TABLE `auth_reset_attempts`
  ADD PRIMARY KEY (`id`);

--
-- Indexes for table `auth_tokens`
--
ALTER TABLE `auth_tokens`
  ADD PRIMARY KEY (`id`),
  ADD KEY `auth_tokens_user_id_foreign` (`user_id`),
  ADD KEY `selector` (`selector`);

--
-- Indexes for table `auth_users_permissions`
--
ALTER TABLE `auth_users_permissions`
  ADD KEY `auth_users_permissions_permission_id_foreign` (`permission_id`),
  ADD KEY `user_id_permission_id` (`user_id`,`permission_id`);

--
-- Indexes for table `lok`
--
ALTER TABLE `lok`
  ADD PRIMARY KEY (`id`);

--
-- Indexes for table `migrations`
--
ALTER TABLE `migrations`
  ADD PRIMARY KEY (`id`);

--
-- Indexes for table `riwayat_thl`
--
ALTER TABLE `riwayat_thl`
  ADD PRIMARY KEY (`id`);

--
-- Indexes for table `setujui`
--
ALTER TABLE `setujui`
  ADD PRIMARY KEY (`id`);

--
-- Indexes for table `tidak_kerja`
--
ALTER TABLE `tidak_kerja`
  ADD PRIMARY KEY (`id`);

--
-- Indexes for table `unsetuju`
--
ALTER TABLE `unsetuju`
  ADD PRIMARY KEY (`id`);

--
-- Indexes for table `users`
--
ALTER TABLE `users`
  ADD PRIMARY KEY (`id`),
  ADD UNIQUE KEY `email` (`email`),
  ADD UNIQUE KEY `username` (`username`);

--
-- AUTO_INCREMENT for dumped tables
--

--
-- AUTO_INCREMENT for table `auth_activation_attempts`
--
ALTER TABLE `auth_activation_attempts`
  MODIFY `id` int(11) UNSIGNED NOT NULL AUTO_INCREMENT;

--
-- AUTO_INCREMENT for table `auth_groups`
--
ALTER TABLE `auth_groups`
  MODIFY `id` int(11) UNSIGNED NOT NULL AUTO_INCREMENT, AUTO_INCREMENT=5;

--
-- AUTO_INCREMENT for table `auth_logins`
--
ALTER TABLE `auth_logins`
  MODIFY `id` int(11) UNSIGNED NOT NULL AUTO_INCREMENT, AUTO_INCREMENT=573;

--
-- AUTO_INCREMENT for table `auth_permissions`
--
ALTER TABLE `auth_permissions`
  MODIFY `id` int(11) UNSIGNED NOT NULL AUTO_INCREMENT, AUTO_INCREMENT=5;

--
-- AUTO_INCREMENT for table `auth_reset_attempts`
--
ALTER TABLE `auth_reset_attempts`
  MODIFY `id` int(11) UNSIGNED NOT NULL AUTO_INCREMENT;

--
-- AUTO_INCREMENT for table `auth_tokens`
--
ALTER TABLE `auth_tokens`
  MODIFY `id` int(11) UNSIGNED NOT NULL AUTO_INCREMENT;

--
-- AUTO_INCREMENT for table `lok`
--
ALTER TABLE `lok`
  MODIFY `id` int(11) NOT NULL AUTO_INCREMENT, AUTO_INCREMENT=16;

--
-- AUTO_INCREMENT for table `migrations`
--
ALTER TABLE `migrations`
  MODIFY `id` bigint(20) UNSIGNED NOT NULL AUTO_INCREMENT, AUTO_INCREMENT=2;

--
-- AUTO_INCREMENT for table `riwayat_thl`
--
ALTER TABLE `riwayat_thl`
  MODIFY `id` int(11) NOT NULL AUTO_INCREMENT, AUTO_INCREMENT=126;

--
-- AUTO_INCREMENT for table `tidak_kerja`
--
ALTER TABLE `tidak_kerja`
  MODIFY `id` int(255) NOT NULL AUTO_INCREMENT, AUTO_INCREMENT=20;

--
-- AUTO_INCREMENT for table `users`
--
ALTER TABLE `users`
  MODIFY `id` int(11) UNSIGNED NOT NULL AUTO_INCREMENT, AUTO_INCREMENT=63;

--
-- Constraints for dumped tables
--

--
-- Constraints for table `auth_groups_permissions`
--
ALTER TABLE `auth_groups_permissions`
  ADD CONSTRAINT `auth_groups_permissions_group_id_foreign` FOREIGN KEY (`group_id`) REFERENCES `auth_groups` (`id`) ON DELETE CASCADE,
  ADD CONSTRAINT `auth_groups_permissions_permission_id_foreign` FOREIGN KEY (`permission_id`) REFERENCES `auth_permissions` (`id`) ON DELETE CASCADE;

--
-- Constraints for table `auth_groups_users`
--
ALTER TABLE `auth_groups_users`
  ADD CONSTRAINT `auth_groups_users_group_id_foreign` FOREIGN KEY (`group_id`) REFERENCES `auth_groups` (`id`) ON DELETE CASCADE,
  ADD CONSTRAINT `auth_groups_users_user_id_foreign` FOREIGN KEY (`user_id`) REFERENCES `users` (`id`) ON DELETE CASCADE;

--
-- Constraints for table `auth_tokens`
--
ALTER TABLE `auth_tokens`
  ADD CONSTRAINT `auth_tokens_user_id_foreign` FOREIGN KEY (`user_id`) REFERENCES `users` (`id`) ON DELETE CASCADE;

--
-- Constraints for table `auth_users_permissions`
--
ALTER TABLE `auth_users_permissions`
  ADD CONSTRAINT `auth_users_permissions_permission_id_foreign` FOREIGN KEY (`permission_id`) REFERENCES `auth_permissions` (`id`) ON DELETE CASCADE,
  ADD CONSTRAINT `auth_users_permissions_user_id_foreign` FOREIGN KEY (`user_id`) REFERENCES `users` (`id`) ON DELETE CASCADE;
COMMIT;

/*!40101 SET CHARACTER_SET_CLIENT=@OLD_CHARACTER_SET_CLIENT */;
/*!40101 SET CHARACTER_SET_RESULTS=@OLD_CHARACTER_SET_RESULTS */;
/*!40101 SET COLLATION_CONNECTION=@OLD_COLLATION_CONNECTION */;
